{"cameraMode":{"drawMode":0,"name":"Shaded","section":"Shading Mode"},"sceneLighting":false,"audioPlay":false,"sceneViewState":{"m_AlwaysRefresh":false,"showFog":true,"showSkybox":false,"showFlares":true,"showImageEffects":true,"showParticleSystems":true,"showVisualEffectGraphs":true,"m_FxEnabled":true},"in2DMode":false,"pivot":{"x":21.086483001708986,"y":-65.75418090820313,"z":-51.332054138183597},"rotation":{"x":0.055592745542526248,"y":0.9111581444740295,"z":-0.38673681020736697,"w":0.13102203607559205},"size":58.01231384277344,"orthographic":false}