{"cameraMode":{"drawMode":0,"name":"Shaded","section":"Shading Mode"},"sceneLighting":false,"audioPlay":false,"sceneViewState":{"m_AlwaysRefresh":true,"showFog":true,"showSkybox":false,"showFlares":true,"showImageEffects":true,"showParticleSystems":true,"showVisualEffectGraphs":true,"m_FxEnabled":false},"in2DMode":false,"pivot":{"x":-59.493141174316409,"y":2.1678662300109865,"z":-286.00225830078127},"rotation":{"x":0.09589748084545136,"y":0.6887412667274475,"z":-0.09275423735380173,"w":0.7126798629760742},"size":2.969074249267578,"orthographic":false}