{"cameraMode":{"drawMode":0,"name":"Shaded","section":"Shading Mode"},"sceneLighting":true,"audioPlay":false,"sceneViewState":{"m_AlwaysRefresh":false,"showFog":true,"showSkybox":false,"showFlares":true,"showImageEffects":true,"showParticleSystems":true,"showVisualEffectGraphs":true,"m_FxEnabled":true},"in2DMode":false,"pivot":{"x":0.27646350860595705,"y":0.603428065776825,"z":-1.292946696281433},"rotation":{"x":-0.28286823630332949,"y":-0.015949038788676263,"z":0.004925305023789406,"w":-0.9591124653816223},"size":0.0708526149392128,"orthographic":false}