{"cameraMode":{"drawMode":0,"name":"Shaded","section":"Shading Mode"},"sceneLighting":false,"audioPlay":false,"sceneViewState":{"m_AlwaysRefresh":false,"showFog":true,"showSkybox":false,"showFlares":true,"showImageEffects":true,"showParticleSystems":true,"showVisualEffectGraphs":true,"m_FxEnabled":true},"in2DMode":false,"pivot":{"x":0.10814830660820008,"y":0.029515577480196954,"z":0.33841419219970705},"rotation":{"x":-0.000003828426088148262,"y":0.20256292819976808,"z":-0.0000198463058040943,"w":0.9793257117271423},"size":0.3058527112007141,"orthographic":false}