{"cameraMode":{"drawMode":0,"name":"Shaded","section":"Shading Mode"},"sceneLighting":false,"audioPlay":false,"sceneViewState":{"m_AlwaysRefresh":true,"showFog":true,"showSkybox":false,"showFlares":true,"showImageEffects":true,"showParticleSystems":true,"showVisualEffectGraphs":true,"m_FxEnabled":false},"in2DMode":false,"pivot":{"x":146.26507568359376,"y":4.954928874969482,"z":-42.313819885253909},"rotation":{"x":0.07668240368366242,"y":-0.8709546327590942,"z":0.14326128363609315,"w":0.46393659710884097},"size":0.9908389449119568,"orthographic":false}