{"cameraMode":{"drawMode":0,"name":"Shaded","section":"Shading Mode"},"sceneLighting":false,"audioPlay":false,"sceneViewState":{"m_AlwaysRefresh":false,"showFog":true,"showSkybox":false,"showFlares":true,"showImageEffects":true,"showParticleSystems":true,"showVisualEffectGraphs":true,"m_FxEnabled":true},"in2DMode":false,"pivot":{"x":0.13141797482967378,"y":0.21635782718658448,"z":0.9910048246383667},"rotation":{"x":0.06260211765766144,"y":-0.8872621655464172,"z":0.1264827400445938,"w":0.4391471743583679},"size":1.9008933305740357,"orthographic":false}