{"cameraMode":{"drawMode":0,"name":"Shaded","section":"Shading Mode"},"sceneLighting":false,"audioPlay":false,"sceneViewState":{"m_AlwaysRefresh":false,"showFog":false,"showSkybox":false,"showFlares":false,"showImageEffects":false,"showParticleSystems":false,"showVisualEffectGraphs":true,"m_FxEnabled":true},"in2DMode":false,"pivot":{"x":0.20600026845932008,"y":0.7380390167236328,"z":-1.2839362621307374},"rotation":{"x":0.01035897433757782,"y":0.9750065207481384,"z":-0.21701693534851075,"w":0.046544380486011508},"size":1.415897250175476,"orthographic":false}